X,Y,objectid,facility,licensee,expires,hgenlic,rehabhlic,psylic,salic,detoxlic,hoslic,rsrchlic,nfgenlic,othrhlic,alzlic,hivlic,tbilic,venlic,othnflic,rehabnlic,haalzlic,hahivlic,hagenlic,orheart_hl,orcsect_hl,orother_hl,oramsu_hl,orshare_hl,orendo_hl,altfacname,hltype,stype,fcounty,fcity,fstate,fzip,faddr1,fphone,licno
458186.754900001,171439.614999998,1,Carolinas HealthCare-Harrisburg, , ,7,0,0,0,0,0,0,0,0,0,0,0,0,0,0,0,0,0,0,0,0,0,0,0,Harrisburg Medical,ED,HL,Cabarrus,Harrisburg,NC,28215,9592 Rocky River Road,904-403-9300, 
722755.4005,63629.5810000002,2,New Hanover Regional Medical Center-North, , ,10,0,0,0,0,0,0,0,0,0,0,0,0,0,0,0,0,0,0,0,0,0,0,0,NHRMC North,ED,HL,New Hanover,Wilmington,NC,28111,151 Scotts Hill Medical Dr,910-662-9000, 
443409.280199997,156439.008099999,3,Carolinas HealthCare-SouthPark, , ,16,0,0,0,0,0,0,0,0,0,0,0,0,0,0,0,0,0,0,0,0,0,0,0,SouthPark,ED,HL,Mecklenburg,Charlotte,NC,28211,6965 Fairview Road,704-631-1300, 
599693.785499997,142181.160399999,4,Cape Fear Valley-Hoke Hospital,"Hoke Healthcare, LLC", ,41,0,0,0,0,0,0,0,0,0,0,0,0,0,0,0,0,0,0,0,0,0,0,0,Hoke Hospital,ED,HL,Hoke,Raeford,NC,28376,210 Medical Pavilion Dr,910-904-8000,H0288
564349.498499997,256552.318999998,5,Cone Health-Alamance Regional,"Alamance Regional Medical Center, Inc.", ,182,0,44,12,0,0,0,0,0,0,0,0,0,0,0,0,0,0,0,2,0,3,9,4,Alamance Regional Medical Center,Hospital,HL,Alamance,Burlington,NC,272160202,1240 Huffman Mill Rd,(336)538-7450,H0272
294440.156099997,179699.171500001,6,UNC Health Care-Pardee,Henderson County Hospital Corporation, ,193,0,21,8,0,0,0,0,0,0,0,0,0,0,0,0,0,0,0,0,0,0,0,0,Margaret R Pardee Memorial Hospital,Hospital,HL,Henderson,Hendersonville,NC,287913518,800 North Justice Street,(828)696-1000,H0161
659037.044399999,286502.8068,7,Duke LifePoint-Maria Parham Medical Center,"Maria Parham Medical Center, Inc.", ,91,11,0,0,0,0,0,0,0,0,0,0,0,0,0,0,0,0,0,0,0,0,0,0,Maria Parham Medical Center,Hospital,HL,Vance,Henderson,NC,27536,566 Ruin Creek Rd,(252)436-1100,H0267
783740.802199997,233516.217399999,8,Martin General Hospital,Williamston Hospital Corporation, ,49,0,0,0,0,0,0,0,0,0,0,0,0,0,0,0,0,0,0,0,0,0,2,1,Martin General Hospital,Hospital,HL,Martin,Williamston,NC,27892,310 South McCaskey Rd,(252)809-6179,H0078
492854.177000001,259122.365499999,9,Novant Health-Medical Park Hospital,"Medical Park Hospital, Inc.", ,22,0,0,0,0,0,0,0,0,0,0,0,0,0,0,0,0,0,0,0,0,0,0,0,Novant - Medical Park Hospital,S,HL,Forsyth,Winston Salem,NC,27103,1950 South Hawthorne Rd,(336)718-0600,H0229
288045.209700003,208343.372200001,10,Mission Health - Mission Hospital,"Mission Hospital, Inc.", ,701,0,62,0,0,0,0,0,0,0,0,0,0,0,0,0,0,0,6,2,0,9,30,6,Mission Hospital,Hospital,HL,Buncombe,Asheville,NC,28801,509 Biltmore Ave and 428 Biltmore *,(828)213-1111,H0036
543342.543899998,304744.451900002,11,Morehead Memorial Hospital,Morehead Memorial Hospital, ,108,0,0,0,0,0,0,121,0,0,0,0,0,0,0,0,0,13,0,1,0,0,5,2,Morehead Memorial Hospital,Hospital,HL,Rockingham,Eden,NC,27288,117 East Kings Hwy,(336)623-9711,H0072
538774.950800002,259965.5108,12,Cone Health-The Moses H. Cone Memorial Hospital,The Moses H. Cone Memorial Hosp Operating Corporation, ,818,49,80,0,0,0,0,19,0,0,0,0,0,0,0,0,0,0,0,0,0,0,0,0,Moses Cone Memorial Hospital,Hospital,HL,Guilford,Greensboro,NC,274011020,1200 North Elm St,(336)832-7000,H0159
156897.9331,158015.339499999,13,Murphy Medical Center,"Murphy Medical Center, Inc.", ,57,0,0,0,0,0,0,120,0,14,0,0,0,0,0,0,0,0,0,0,0,0,0,0,Murphy Medical Center,Hospital,HL,Cherokee,Murphy,NC,28906,4130 US Hwy 64 East,(828)837-8161,H0239
713164.562299997,247507.936299998,14,UNC Health Care-Nash General Hospital,"Nash Hospitals, Inc.", ,262,0,44,16,0,0,0,0,0,0,0,0,0,0,0,0,0,0,0,1,0,0,13,4,Nash General Hospital,Hospital,HL,Nash,Rocky Mount,NC,27804,2460 Curtis Ellis Dr.,(252)962-8070,H0228
709040.137599997,51068.7298999988,15,New Hanover Regional Medical Center,New Hanover Regional Medical Center, ,647,0,62,0,0,0,0,0,0,0,0,0,0,0,0,0,0,0,2,3,0,4,29,5,New Hanover Regional Medical Center,Hospital,HL,New Hanover,Wilmington,NC,28401,2131 South Seventeenth St,(910)667-7040,H0221
495392.913500004,260277.419100001,16,Wake Forest Baptist Health - Medical Center,North Carolina Baptist Hospital, ,802,0,44,0,0,0,0,0,0,0,0,0,0,0,0,0,0,0,0,0,4,0,36,10,North Carolina Baptist Hospital,Hospital,HL,Forsyth,Winston Salem,NC,27157,Medical Center Blvd,(336)716-2011,H0011
618908.9802,254343.672499999,17,North Carolina Specialty Hospital,"North Carolina Specialty Hospital, LLC", ,18,0,0,0,0,0,0,0,0,0,0,0,0,0,0,0,0,0,0,0,0,0,4,0,North Carolina Specialty Hospital,S,HL,Durham,Durham,NC,27704,3916 Ben Franklin Blvd.,(919)956-9300,H0075
465188.230599999,305013.5079,18,Northern Hospital of Surry County,Northern Hospital District of Surry County, ,100,0,0,0,0,0,0,33,0,0,0,0,0,0,0,0,0,0,0,1,0,0,4,2,Northern Hospital of Surry County,Hospital,HL,Surry,Mount Airy,NC,27030,830 Rockford St,(336)719-7000,H0184
757456.7509,113543.951499999,19,Onslow Memorial Hospital,"Onslow Memorial Hospital, Inc.", ,162,0,0,0,0,0,0,0,0,0,0,0,0,0,0,0,0,0,0,0,0,0,0,0,Onslow Memorial Hospital,Hospital,HL,Onslow,Jacksonville,NC,285411358,317 Western Blvd,(910)577-2345,H0048
750945.035700001,265047.899300002,20,Our Community Hospital,"Our Community Hospital, Inc.", ,20,0,0,0,0,0,0,60,0,0,0,0,0,0,0,0,0,20,0,0,0,0,0,0,Our Community Hospital,Hospital,HL,Halifax,Scotland Neck,NC,27874,921 Junior High School Rd,(252)826-4144,H0004
292793.536200002,187496.879099999,21,Park Ridge Health,"Fletcher Hospital, Incorporated", ,62,0,41,0,0,0,0,0,0,0,0,0,0,0,0,0,0,0,0,0,0,0,0,0,Park Ridge Hospital,Hospital,HL,Henderson,Fletcher,NC,28732,Naples Rd,(828)684-8501,H0019
708742.913900003,89314.3460000008,22,New Hanover Regional Medical Center-Pender Memorial Hospital,"Pender Memorial Hospital, Inc.", ,43,0,0,0,0,0,0,43,0,0,0,0,0,0,0,0,0,0,0,0,0,0,0,0,Pender Memorial Hospital,Hospital,HL,Pender,Burgaw,NC,28425,507 Fremont St,(910)259-5451,H0115
610938.028300002,294896.806699999,23,Duke LifePoint-Person Memorial Hospital,"DLP Person Memorial Hospital, LLC", ,38,0,0,0,0,0,0,60,0,0,0,0,0,0,0,0,0,0,0,1,0,0,4,0,Person Memorial Hospital,Hospital,HL,Person,Roxboro,NC,27573,615 Ridge Rd,(336)599-2121,H0066
754205.614,207293.845400002,24,Vidant Medical Center,"Pitt County Memorial Hospital, Inc.", ,628,75,52,0,0,0,0,0,0,0,0,0,0,0,0,0,0,0,0,0,0,0,0,0,Pitt Memorial,Hospital,HL,Pitt,Greenville,NC,278356028,2100 Stantonsburg Rd,(252)847-4451,H0104
443505.557800002,163725.219500002,25,Novant Health-Presbyterian Medical Center,The Presbyterian Hospital, ,463,0,60,0,0,8,0,0,0,0,0,0,0,0,0,0,0,0,0,0,0,0,0,0,Presbyterian Medical Center,Hospital,HL,Mecklenburg,Charlotte,NC,282333549,200 Hawthorne Ln,(704)384-4000,H0010
440630.672399998,185354.275800001,26,Novant Health-Huntersville Medical Center,The Presbyterian Hospital, ,50,0,0,0,0,0,0,0,0,0,0,0,0,0,0,0,0,0,0,0,0,0,0,0,Huntersville Medical Center,Hospital,HL,Mecklenburg,Huntersville,NC,280783508,10030 Gilead Rd.,(704)316-4010,H0282
453326.971799999,153328.621300001,27,Novant Health-Matthews Medical Center,Presbyterian Medical Care Corp., ,102,0,0,0,0,0,0,0,0,0,0,0,0,0,0,0,0,0,0,0,0,0,0,0,Matthews Medical Center,Hospital,HL,Mecklenburg,Matthews,NC,281063310,1500 Matthews Township Parkway,(704)384-6370,H0270
859305.935800001,288873.5539,28,Sentara Albemarle Medical Center,Albemarle Hospital Authority, ,182,0,0,0,0,0,0,0,0,0,0,0,0,0,0,0,0,0,0,0,0,0,0,0,Albemarle Hospital,Hospital,HL,Pasquotank,Elizabeth City,NC,279061587,1144 North Road St,(252)384-4600,H0054
420170.596199997,308133.246100001,29,Alleghany Memorial Hospital,"Alleghany County Memorial Hospital, Inc.", ,41,0,0,0,0,0,0,0,0,0,0,0,0,0,0,0,0,0,0,0,0,0,0,0,Alleghany Memorial Hospital,Hospital,HL,Alleghany,Sparta,NC,28675,233 Doctors St,(336)372-5511,H0108
210931.990400001,167950.545899998,30,Mission Health-Angel Medical Center,"Angel Medical Center, Inc.", ,59,0,0,0,0,0,0,0,0,0,0,0,0,0,0,0,0,0,0,0,0,0,0,0,Angel Medical Center,Hospital,HL,Macon,Franklin,NC,28744,120 Riverview Street,(828)524-8411,H0034
549717.755099997,288979.152899999,31,Cone Health-Annie Penn Hospital,The Moses H. Cone Memorial Hospital Operating Corp., ,110,0,0,0,0,0,0,0,0,0,0,0,0,0,0,0,0,0,0,0,0,0,4,2,Annie Penn Hospital,Hospital,HL,Rockingham,Reidsville,NC,27320,618 South Main St,(336)951-4000,H0023
511360.6461,134903.733899999,32,Carolina HealthCare-Anson,"Carolinas-Anson Healthcare, Inc.", ,52,0,0,0,0,0,0,95,0,0,0,0,0,0,0,0,0,0,0,0,0,0,0,0,Anson Community Hospital,Hospital,HL,Anson,Wadesboro,NC,28170,500 Morven Rd,(704)694-5131,H0082
389116.215499997,299299.555100001,33,Ashe Memorial Hospital,"Ashe Memorial Hospital, Inc.", ,76,0,0,0,0,0,0,60,0,0,0,0,0,0,0,0,0,0,0,0,0,0,0,0,Ashe Memorial Hospital,Hospital,HL,Ashe,Jefferson,NC,28640,200 Hospital Ave,(336)846-7101,H0099
287938.919100001,208817.186299998,34,Mission Health-Asheville Specialty Hospital,"MSJHS And CCP Joint Development Company, LLC", ,34,0,0,0,0,0,0,0,0,0,0,0,0,0,0,0,0,0,0,0,0,0,0,0,Asheville Specialty Hospital,LTAC,HL,Buncombe,Asheville,NC,28801,428 Biltmore Avenue,(828)213-5400,H0279
787297.135799997,201318.1362,35,Vidant-Beaufort Hospital,"Beaufort County Hospital Association, Inc.", ,120,0,22,0,0,0,0,0,0,0,0,0,0,0,0,0,0,0,0,0,0,0,0,0,Beaufort County Hospital,Hospital,HL,Beaufort,Washington,NC,27889,628 East Twelfth St,(252)975-4100,H0188
796421.227499999,250329.116599999,36,Vidant-Bertie Hospital,"East Carolina Health-Bertie, Inc.", ,6,0,0,0,0,0,0,0,0,0,0,0,0,0,0,0,0,0,0,0,0,0,0,0,Bertie Hospital,Hospital,HL,Bertie,Windsor,NC,27983,1403 South King Street,(252)794-6600,H0268
642822.527800001,172782.770100001,37,Harnett Health - Betsy Johnson Hospital,"Harnett Health System, Inc", ,101,0,0,0,0,0,0,0,0,0,0,0,0,0,0,0,0,0,0,0,0,0,0,0,Betsy Johnson Regional,Hospital,HL,Harnett,Dunn,NC,28335,800 Tilghman Dr,(910)892-7161,H0224
645544.539499998,96883.2091999985,38,Cape Fear Valley-Bladen County Hospital,County of Bladen, ,48,0,0,0,0,0,0,10,0,0,0,0,0,0,0,0,0,0,0,0,0,0,0,0,Bladen County Hospital,Hospital,HL,Bladen,Elizabethtown,NC,28337,501 South Poplar Street,(910)862-5179,H0154
333157.076399997,243985.657000002,39,Mission Health-Blue Ridge Regional Hospital,"Blue Ridge Regional Hospital, Inc.", ,46,0,0,0,0,0,0,0,0,0,0,0,0,0,0,0,0,0,0,0,0,0,0,0,Blue Ridge Regional Hospital,Hospital,HL,Mitchell,Spruce Pine,NC,28777,125 Hospital Drive,(828)765-4201,H0169
675111.039899997,28991.2153999992,40,Novant Health-Brunswick Medical Center,"Brunswick Community Hospital, LLC", ,60,0,0,0,0,0,0,0,0,0,0,0,0,0,0,0,0,0,0,0,0,0,0,0,Brunswick Community Hospital,Hospital,HL,Brunswick,Supply,NC,28462,One Medical Center Dr,(910)755-8121,H0250
380780.0735,242591.357500002,41,UNC Health Care-Caldwell,"Caldwell Memorial Hospital, Inc.", ,110,0,0,0,0,0,0,0,0,0,0,0,0,0,0,0,0,0,0,0,0,0,0,0,Caldwell Memorial Hospital,Hospital,HL,Caldwell,Lenoir,NC,28645,321 Mulberry St SW,(828)757-5100,H0061
615709.524300002,142196.491900001,42,Cape Fear Valley Medical Center,"Cumberland County Hospital System, Inc.", ,501,0,28,4,0,0,0,0,0,0,0,0,0,0,0,0,0,0,2,3,0,0,13,4,Cape Fear Valley Medical Center,Hospital,HL,Cumberland,Fayetteville,NC,283022000,1638 Owen Dr,(910)615-6700,H0213
289557.799900003,206729.5504,43,CarePartners Rehabilitation Hospital,"Community CarePartners, Inc.", ,0,0,0,0,0,0,0,0,0,0,0,0,0,0,0,0,0,0,0,0,0,0,0,0,CarePartners Rehabilitation Hospital,Rehab,HL,Buncombe,Asheville,NC,288130025,68 Sweeten Creek Rd,(828)277-4800,H0081
409694.412799999,195203.550299998,44,Carolinas HealthCare-Lincoln,Lincoln Health System, ,101,0,0,0,0,0,0,0,0,0,0,0,0,0,0,0,0,0,0,0,0,0,0,0,Lincoln Medical Center,Hospital,HL,Lincoln,Lincolnton,NC,280930677,200 Gamble Dr,(704)735-3071,H0225
443797.795500003,163502.499299999,45,Carolinas HealthCare-Mercy,"Mercy Hospital, Inc.", ,185,0,0,11,0,0,0,0,0,0,0,0,0,0,0,0,0,0,0,0,0,0,0,0,Carolinas Medical Center-Mercy,Hospital,HL,Mecklenburg,Charlotte,NC,28207,2001 Vail Ave,(704)304-5000,H0042
464115.701700002,188214.5429,46,Carolinas HealthCare-NorthEast,"CMC-NorthEast, Inc", ,447,0,10,0,0,0,0,0,0,0,0,0,0,0,0,0,0,0,0,0,0,0,0,0,NorthEast Medical,Hospital,HL,Cabarrus,Concord,NC,28025,920 Church St N,(704)783-3000,H0031
470594.863600001,136978.4102,47,Carolinas HealthCare-Union,"Union Memorial Regional Medical Center, Inc.", ,157,0,0,0,0,0,0,70,0,0,0,0,0,0,0,0,0,0,0,0,0,0,0,0,Carolinas Medical Center-Union,Hospital,HL,Union,Monroe,NC,28111,600 Hospital Dr,(704)283-3100,H0050
450742.501699999,174102.468199998,48,Carolinas HealthCare-University,Charlotte-Mecklenburg Hospital Authority, ,130,0,0,0,0,0,0,0,0,0,0,0,0,0,0,0,0,0,0,0,0,0,0,0,Carolinas Medical Center-University,Hospital,HL,Mecklenburg,Charlotte,NC,28256,8800 North Tryon St,(704)863-6000,H0255
442206.512199998,162881.905499998,49,Carolinas HealthCare-Carolinas Medical Center,Charlotte-Mecklenburg Hospital Authority, ,976,13,132,11,0,0,0,0,0,0,0,0,0,0,0,0,0,0,5,4,1,11,41,12,Carolinas Medical Center,Hospital,HL,Mecklenburg,Charlotte,NC,28232,1000 Blythe Blvd,(704)355-2000,H0071
442256.729199998,162723.156300001,50,Carolinas HealthCare-Carolinas Rehabilitation,The Charlotte-Mecklenburg Hospital Authority, ,0,0,0,0,0,0,0,0,0,0,0,0,0,0,0,0,0,0,0,0,0,0,0,0,Carolinas Rehabilitation,Rehab,HL,Mecklenburg,Charlotte,NC,28203,1100 Blythe Blvd,(704)355-4300,H0071-C
425207.802699998,169721.1547,51,Carolinas HealthCare-Carolinas Rehabilitation Mt. Holly,The Charlotte-Mecklenburg Hospital Authority, ,0,0,0,0,0,0,0,0,0,0,0,0,0,0,0,0,0,0,0,0,0,0,0,0,Carolinas Rehabilitation Mt. Holly,Rehab,HL,Gaston,Belmont,NC,28012,275 Beatty Drive,(704)355-3398,H0283
815239.618500002,110591.533599999,52,Carteret Health Care,Carteret County General Hospital Corporation, ,135,0,0,0,0,0,0,0,0,0,0,0,0,0,0,0,0,0,0,1,0,0,5,2,Carteret General Hospital,Hospital,HL,Carteret,Morehead City,NC,28557,3500 Arendell St,(252)808-6000,H0222
404491.181699999,220198.293099999,53,Catawba Valley Medical Center,County of Catawba, ,200,0,38,0,0,0,0,0,0,0,0,0,0,0,0,0,0,0,0,1,0,0,12,2,Catawba Valley Medical Center,Hospital,HL,Catawba,Hickory,NC,28602,810 Fairgrove Church Road,(828)326-3800,H0223
592611.780900002,190713.584100001,54,Duke LifePoint-Central Carolina Hospital,"DLP Central Carolina Medical Center, LLC", ,127,0,10,0,0,0,0,0,0,0,0,0,0,0,0,0,0,0,0,1,0,0,6,1,Central Carolina Hospital,Hospital,HL,Lee,Sanford,NC,27330,1135 Carthage St,(919)774-2100,H0243
349013.686899997,260561.709399998,55,Appalachian Health-Cannon Memorial Hospital,"Charles A. Cannon, Jr. Memorial Hospital, Inc.", ,40,0,0,0,0,0,0,10,0,0,0,0,0,0,0,0,0,0,0,0,0,0,0,0,Charles A. Cannon Jr. Memorial Hospital,Hospital,HL,Avery,Linville,NC,28646,434 Hospital Drive,(828)737-7000,H0037
571607.740900002,219005.2841,56,UNC Health Care-Chatham Hospital,"Chatham Hospital, Inc.", ,68,0,0,0,0,0,0,0,0,0,0,0,0,0,0,0,0,0,0,0,0,0,0,0,Chatham Hospital,Hospital,HL,Chatham,Siler City,NC,27344,West Third St and Ivy St,(919)663-2113,H0007
824927.061800003,259993.785799999,57,Vidant-Chowan Hospital,"East Carolina Health-Chowan, Inc.", ,49,0,0,0,0,0,0,40,0,0,0,0,0,0,0,0,0,0,0,0,0,0,0,0,Chowan Hospital,Hospital,HL,Chowan,Edenton,NC,27932,211 Virginia Rd,(252)482-8451,H0063
378961.420100003,175197.1884,58,Carolinas HealthCare-Cleveland,Cleveland County HealthCare System, ,241,0,0,0,0,0,0,0,0,0,0,0,0,0,0,0,0,0,0,0,0,0,0,0,Cleveland Regional Medical Center,Hospital,HL,Cleveland,Shelby,NC,28150,201 East Grover St,(704)487-3245,H0024
637725.438900001,65236.6442999989,59,Columbus Regional Healthcare System,Columbus Regional Healthcare System, ,154,0,0,0,0,0,0,0,0,0,0,0,0,0,0,0,0,0,0,0,0,0,0,0,Columbus Regional Hospital,Hospital,HL,Columbus,Whiteville,NC,28472,500 Jefferson St,(910)642-8011,H0045
785885.691200003,152971.338599999,60,CarolinaEast Medical Center,Craven Regional Medical Authority, ,270,20,23,0,0,0,0,0,0,0,0,0,0,0,0,0,0,0,0,0,0,0,0,0,Craven Regional Medical Center,Hospital,HL,Craven,New Bern,NC,285612157,2000 Neuse Blvd,(252)633-8640,H0201
467720.369000003,239555.561299998,61,Wake Forest Baptist Health - Davie Medical Center,Davie County Emergency  Health Corporation, ,81,0,0,0,0,0,0,0,0,0,0,0,0,0,0,0,0,0,0,0,0,0,0,0,Davie County Hospital,Hospital,HL,Davie,Mocksville,NC,27028,223 Hospital St,(336)751-8100,H0171
444362.757299997,230977.301600002,62,Davis Regional Medical Center,"Statesville HMA, LLC", ,102,0,28,0,0,0,0,0,0,0,0,0,0,0,0,0,0,0,0,1,0,0,5,2,Davis Regional Medical Center,Hospital,HL,Iredell,Statesville,NC,28687,218 Old Mocksville Road,(704)873-0281,H0248
644076.1787,230618.774799999,63,Duke Raleigh Hospital,"Duke University Health System, Inc.", ,186,0,0,0,0,0,0,0,0,0,0,0,0,0,0,0,0,0,0,0,0,0,15,3,Duke Raleigh Hospital,Hospital,HL,Wake,Raleigh,NC,276118280,3400 Wake Forest Rd,(919)954-3000,H0238
615234.069499999,250458.6164,64,Duke University Hospital,"Duke University Health System, Inc.", ,924,0,19,0,0,0,0,0,0,0,0,0,0,0,0,0,0,0,0,0,0,0,0,0,Duke University Medical Center,Hospital,HL,Durham,Durham,NC,27710,2301 Erwin Road,(919)684-8076,H0015
704478.9274,135275.528499998,65,Vidant-Duplin Hospital,"Duplin General Hospital, Inc.", ,61,0,20,0,0,0,0,20,0,0,0,0,0,0,0,0,0,0,0,0,0,0,0,0,Duplin General Hospital,Hospital,HL,Duplin,Kenansville,NC,283490278,401 North Main St,(910)296-0941,H0166
618713.923199996,253753.796500001,66,Duke Regional Hospital,"Duke University Health System, Inc.", ,316,0,23,0,0,0,0,0,0,0,0,0,0,0,0,0,0,0,0,2,0,0,13,4,Duke Regional Hospital,Hospital,HL,Durham,Durham,NC,27704,3643 North Roxboro Rd,(919)470-4000,H0233
528694.756200001,179493.999299999,67,FirstHealth Montgomery Memorial Hospital,"FirstHealth of the Carolinas, Inc.", ,37,0,0,0,0,0,0,0,0,0,0,0,0,0,0,0,0,0,0,0,0,0,2,0,FirstHealth Montgomery Memorial Hospital,Hospital,HL,Montgomery,Troy,NC,27371,520 Allen St,(910)571-5000,H0003
568043.5493,161531.777899999,68,FirstHealth Moore Regional Hospital,"FirstHealth of the Carolinas, Inc.", ,297,25,36,14,0,0,0,0,0,0,0,0,0,0,0,0,0,0,0,0,0,0,0,0,FirstHealth Moore Regional,Hospital,HL,Moore,Pinehurst,NC,28374,155 Memorial Drive,(910)215-1000,H0100
541123.741899997,131006.843699999,69,FirstHealth Richmond Memorial Hospital,"FirstHealth of the Carolinas, Inc.", ,99,0,0,0,0,0,0,51,0,0,0,0,0,0,0,0,0,0,0,0,0,0,0,0,FirstHealth Richmond Memorial,Hospital,HL,Richmond,Rockingham,NC,28379,925 Long Dr,(910)417-3000,H0158
492750.842100002,258747.011100002,70,Novant Health-Forsyth Medical Center,"Forsyth Memorial Hospital, Inc.", ,751,68,80,0,0,0,0,20,0,0,0,0,0,0,0,0,0,0,0,0,0,0,0,0,Forsyth Medical Center,Hospital,HL,Forsyth,Winston Salem,NC,27103,3333 Silas Creek Pkwy,(336)718-5000,H0209
398222.721000001,222947.911499999,71,Duke LifePoint-Frye Regional Medical Center,"DLP Frye Regional Medical Center, LLC", ,209,0,84,16,0,0,0,17,0,0,0,0,0,0,0,0,0,0,2,0,0,4,15,2,Frye Regional Medical Center,Hospital,HL,Catawba,Hickory,NC,28601,420 North Center St,(828)315-5000,H0053
415005.1998,171021.4252,72,CaroMont Regional Medical Center,"Gaston Memorial Hospital,Inc.", ,372,0,63,0,0,0,0,0,0,0,0,0,0,0,0,0,0,0,0,0,0,0,0,0,Gaston Memorial,Hospital,HL,Gaston,Gastonia,NC,280531747,2525 Court Dr,(704)834-2121,H0105
369105.549400002,222192.926800001,73,Carolinas HealthCare-Blue Ridge Morganton,"Grace Hospital, Inc.", ,162,0,22,0,0,0,0,0,0,0,0,0,0,0,0,0,0,0,0,0,0,0,0,0,Grace Hospital,Hospital,HL,Burke,Morganton,NC,28655,2201 South Sterling St,(828)580-5000,H0062
646115.086000003,285879.4177,74,Granville Medical Center,County of Granville, ,62,0,0,0,0,0,0,80,0,0,0,0,0,0,0,0,0,0,0,0,0,0,0,0,Granville Medical Center,Hospital,HL,Granville,Oxford,NC,27565,1010 College St,(919)690-3000,H0098
731000.978799999,298373.940099999,75,Halifax Regional Medical Center,"Halifax Regional Medical Center, Inc.", ,186,0,20,0,0,0,0,0,0,0,0,0,0,0,0,0,0,0,0,0,0,0,0,0,Halifax Regional Medical Center,Hospital,HL,Halifax,Roanoke Rapids,NC,27870,250 Smith Church Rd,(252)535-8011,H0230
227955.323299997,189543.4881,76,Duke LifePoint-Harris Regional Hospital,"DLP Harris Regional Hospital, LLC", ,86,0,0,0,0,0,0,0,0,0,0,0,0,0,0,0,0,0,0,0,0,0,6,1,Harris Regional Hospital,Hospital,HL,Jackson,Sylva,NC,287792795,68 Hospital Rd,(828)586-7000,H0087
252147.827699997,204043.102600001,77,Duke LifePoint-Haywood Regional Medical Center,"DLP Haywood Regional Medical Center, LLC", ,153,0,16,0,0,0,0,0,0,0,0,0,0,0,0,0,0,0,0,0,0,0,7,3,Haywood Regional Medical Center,Hospital,HL,Haywood,Clyde,NC,28721,262 Leroy George Drive,(828)456-7311,H0025
739922.5528,241786.851300001,78,Vidant-Edgecombe Hospital,"East Carolina Health - Heritage, Inc.", ,101,16,0,0,0,0,0,0,0,0,0,0,0,0,0,0,0,0,0,0,0,0,0,0,Edgecombe Hospital,Hospital,HL,Edgecombe,Tarboro,NC,27886,111 Hospital Dr,(252)641-7700,H0258
518232.038599998,245963.180199999,79,UNC Health Care-High Point Regional,High Point Regional Health System, ,291,16,24,23,0,0,0,30,0,0,0,0,0,0,0,0,0,0,0,0,0,0,0,0,High Point Regional Hospital,Hospital,HL,Guilford,High Point,NC,27261,601 North Elm St,(336)878-6000,H0052
228101.469899997,156333.181400001,80,Mission Health-Highlands Cashiers Hospital,"Highlands-Cashiers Hospital, Inc.", ,24,0,0,0,0,0,0,84,0,0,0,0,0,0,0,0,0,0,0,0,0,0,0,0,Highlands-Cashiers Hospital,Hospital,HL,Macon,Highlands,NC,28741,190 Hospital Drive,(828)526-1200,H0193
619803.417499997,144692.114100002,81,Cape Fear Valley-Highsmith-Rainey Specialty Hospital,"Cumberland County Hospital System, Inc.", ,66,0,0,0,0,0,0,0,0,0,0,0,0,0,0,0,0,0,0,0,0,0,3,3,Highsmith-Rainey Specialty Hospital,LTAC,HL,Cumberland,Fayetteville,NC,283015570,150 Robeson Street,(910)609-4000,H0275
444407.593400002,280186.912599999,82,Hugh Chatham Memorial Hospital,"Hugh Chatham Memorial Hospital, Inc.", ,81,12,0,0,0,0,0,99,0,0,0,0,0,0,0,0,0,28,0,0,0,0,0,0,Hugh Chatham Memorial,Hospital,HL,Surry,Elkin,NC,286210560,180 Parkwood Dr,(336)527-7000,H0049
439855.068999998,228962.297600001,83,Iredell Memorial Hospital,"Iredell Memorial Hospital, Incorporated", ,199,0,0,0,0,0,0,48,0,0,0,0,0,0,0,0,0,0,0,0,0,0,0,0,Iredell Memorial,Hospital,HL,Iredell,Statesville,NC,28677,557 Brookdale Dr,(704)878-4500,H0164
700005.564900003,20448.4415999986,84,Dosher Memorial Hospital,Smithville Township, ,25,0,0,0,0,0,0,0,0,0,0,0,0,0,0,0,0,14,0,0,0,0,2,2,J. Arthur Dosher Memorial Hospital,Hospital,HL,Brunswick,Southport,NC,28461,924 Howe St,(910)457-3800,H0150
669919.722400002,195929.473299999,85,UNC Health Care-Johnston Health,Johnston Memorial Hospital Authority, ,155,0,20,0,0,0,0,0,0,0,0,0,0,0,0,0,0,0,0,0,0,0,0,0,Johnston Memorial Hospital,Hospital,HL,Johnston,Smithfield,NC,27577,509 North Bright Leaf Blvd,(919)934-8171,H0151
540188.318499997,255336.134799998,86,Kindred Hospital Greensboro,"Kindred Hospitals East, L.L.C.", ,101,0,0,0,0,0,0,23,0,0,0,0,0,0,0,0,0,0,0,0,0,0,0,0,Kindred Specialty Hospital,LTAC,HL,Guilford,Greensboro,NC,27406,2401 Southside Blvd,(336)271-2800,H0073
395100.730099998,168009.454799999,87,Carolinas HealthCare-Kings Mountain,Cleveland County HealthCare System, ,67,0,14,0,6,0,0,10,0,0,0,0,0,0,0,0,0,0,0,0,0,0,0,0,Kings Mountain Hospital,Hospital,HL,Cleveland,Kings Mountain,NC,28086,706 West KIng Street,(704)739-3601,H0113
441559.276199996,201155.858100001,88,Lake Norman Regional Medical Center,"Mooresville Hospital Management Associates, LLC", ,123,0,0,0,0,0,0,0,0,0,0,0,0,0,0,0,0,0,0,1,0,2,7,3,Lake Norman Regional Medical Center,Hospital,HL,Iredell,Mooresville,NC,28117,171 Fairview Rd.,(704)660-4010,H0259
738150.205200002,172199.5601,89,Lenoir Memorial Hospital,"Lenoir Memorial Hospital, Inc.", ,218,17,0,0,0,0,0,26,0,0,0,0,0,0,0,0,0,0,0,0,0,0,0,0,Lenoir Memorial,Hospital,HL,Lenoir,Kinston,NC,285031678,100 Airport Rd,(252)522-7797,H0043
493212.534199998,228833.4782,90,Wake Forest Baptist Health - Lexington Medical Center,"Lexington Memorial Hospital, Inc.", ,94,0,0,0,0,0,0,0,0,0,0,0,0,0,0,0,0,0,0,0,0,0,0,0,Lexington Memorial Hospital,Hospital,HL,Davidson,Lexington,NC,272931817,250 Hospital Dr,(336)248-5161,H0027
715960.594700001,247385.349599998,91,LifeCare Hospitals of North Carolina,"New LifeCare Hospitals of North Carolina, LLC", ,50,0,0,0,0,0,0,0,0,0,0,0,0,0,0,0,0,0,0,0,0,0,0,0,LifeCare Hospitals of North Carolina,LTAC,HL,Nash,Rocky Mount,NC,278041761,1051 Noell Lane,(252)451-2300,H0242
443525.367799997,163562.938999999,92,Novant Health-Charlotte Orthopedic Hospital,"Presbyterian Orthopaedic Hospital, LLC", ,140,0,0,0,0,0,0,16,0,0,0,0,0,0,0,0,0,0,0,0,0,0,0,0,Novant - Charlotte Orthopedic Hospital,Rehab,HL,Mecklenburg,Charlotte,NC,282071101,1901 Randolph Rd,(704)316-2000,H0251
535928.7553,217888.075100001,93,Randolph Hospital,"Randolph Hospital, Inc.", ,145,0,0,0,0,0,0,0,0,0,0,0,0,0,0,0,0,0,0,0,0,0,0,0,Randolph Hospital,Hospital,HL,Randolph,Asheboro,NC,272041048,364 White Oak St,(336)625-5151,H0013
636423.712800004,229391.087299999,94,UNC Health Care-Rex Healthcare,"Rex Hospital, Inc.", ,388,0,0,0,0,6,0,120,0,0,0,0,0,0,0,0,0,0,0,0,0,0,0,0,Rex Healthcare,Hospital,HL,Wake,Raleigh,NC,27607,4420 Lake Boone Trail,(919)784-3100,H0065
789774.528499998,283096.558699999,95,Vidant-Roanoke-Chowan Hospital,East Carolina Health, ,86,0,28,0,0,0,0,0,0,0,0,0,0,0,0,0,0,0,0,0,0,0,0,0,Roanoke-Chowan Hospital,Hospital,HL,Hertford,Ahoskie,NC,27910,500 South Academy St,(252)209-3000,H0001
476485.835299999,215247.436900001,96,Novant Health-Rowan Medical Center,"Rowan Regional Medical Center, Inc.", ,223,10,20,15,0,0,0,0,0,0,0,0,0,0,0,0,0,0,0,0,0,0,0,0,Rowan Medical Center,Hospital,HL,Rowan,Salisbury,NC,28144,612 Mocksville Ave,(704)210-5000,H0040
340174.855599999,182912.987599999,97,Duke LifePoint-Rutherford Regional Health System,"DLP Rutherford Regional Health System, LLC", ,129,0,14,0,0,0,0,0,0,0,0,0,0,0,0,0,0,0,0,0,0,0,5,2,Rutherford Regional Medical Center,Hospital,HL,Rutherford,Rutherfordton,NC,28139,288 South Ridgecrest Ave,(828)286-5000,H0039
671273.545199998,139719.513700001,98,Sampson Regional Medical Center,"Sampson Regional Medical Center, Inc.", ,116,0,0,0,0,0,0,30,0,0,0,0,0,0,0,0,0,0,0,0,0,0,8,0,Sampson Regional Medical Center,Hospital,HL,Sampson,Clinton,NC,283290260,607 Beaman St,(910)592-8511,H0067
544808.536700003,128002.308600001,99,Sandhills Regional Medical Center,"Hamlet HMA, LLC", ,54,0,10,0,0,0,0,0,0,0,0,0,0,0,0,0,0,0,0,0,0,0,3,4,Sandhills Regional Medical Center,Hospital,HL,Richmond,Hamlet,NC,28345,1000 West Hamlet Ave.,(910)205-8000,H0265
566659.0638,111343.590399999,100,Scotland Health Care-Scotland Memorial Hospital,"Scotland Memorial Hospital, Inc.", ,97,7,0,0,0,0,0,50,0,0,0,0,0,0,0,0,0,0,0,0,0,0,0,0,Scotland Memorial Hospital,Hospital,HL,Scotland,Laurinburg,NC,28352,500 Lauchwood Drive,(910)291-7000,H0107
618705.569399998,253762.1503,101,Select Specialty Hospital-Durham,"Select Specialty Hospital - Durham, Inc", ,30,0,0,0,0,0,0,0,0,0,0,0,0,0,0,0,0,0,0,0,0,0,0,0,Select Specialty Hospital - Durham,LTAC,HL,Durham,Durham,NC,27704,3643 North Roxboro Road,(919)470-9010,H0280
492646.038699999,258553.246800002,102,Select Specialty Hospital-Winston Salem,"Select Specialty Hospital-Winston- Salem, Inc", ,42,0,0,0,0,0,0,0,0,0,0,0,0,0,0,0,0,0,0,0,0,0,0,0,Select Specialty Hospital - Winston Salem,LTAC,HL,Forsyth,Winston-Salem,NC,27103,3333 Silas Creek Parkway,(336)760-4668,H0277
608489.146300003,98386.5053999983,103,Southeastern Health,Southeastern Regional Medical Center, ,292,0,33,0,0,12,0,115,0,0,0,0,0,0,0,0,0,0,1,1,0,0,8,1,Southeastern Regional Medical Center,Hospital,HL,Robeson,Lumberton,NC,28359,300 West 27th St,(910)671-5000,H0064
317206.631300002,170049.140500002,104,St. Luke's Hospital,"St. Luke's Hospital, Inc.", ,45,0,10,0,0,0,0,0,0,0,0,0,0,0,0,0,0,0,0,0,0,0,0,0,Saint Lukes Hospital,Hospital,HL,Polk,Columbus,NC,28722,101 Hospital Drive,(828)894-3311,H0079
501047.945299998,179698.639600001,105,Carolinas Health Care-Stanly,Stanly Regional Medical Center, ,97,10,12,0,0,0,0,0,0,0,0,0,0,0,0,0,0,0,0,0,0,0,0,0,Stanly Regional Medical Center,Hospital,HL,Stanly,Albemarle,NC,28002,301 Yadkin St,(704)984-4347,H0008
499405.5506,296851.5955,106,Pioneer Community Hospital of Stokes,"Pioneer Health Services of Stokes County, Inc.", ,53,0,6,0,0,0,0,40,0,0,0,0,0,0,0,0,0,0,0,0,0,2,2,1,Pioneer Community Hospital of Stokes,Hospital,HL,Stokes,Danbury,NC,27016,1570 NC 8 & 89 HWY N,(336)593-2831,H0165
206186.306599997,195912.4485,107,Duke LifePoint-Swain Community Hospital,"DLP Swain County Hospital, LLC", ,48,0,0,0,0,0,0,0,0,0,0,0,0,0,0,0,0,0,0,0,0,0,1,1,Swain Community Hospital,Hospital,HL,Swain,Bryson City,NC,28713,45 Plateau St,(828)488-2155,H0069
335528.8037,216305.7115,108,Mission Health-McDowell Hospital,"The McDowell Hospital, Inc.", ,65,0,0,0,0,0,0,0,0,0,0,0,0,0,0,0,0,0,0,0,0,0,0,0,McDowell Hospital,Hospital,HL,McDowell,Marion,NC,28752,430 Rankin Dr,(828)659-5000,H0097
914718.551899999,248129.390900001,109,Vidant-The Outer Banks Hospital,"The Outer Banks Hospital, Inc.", ,19,0,0,0,0,0,0,0,0,0,0,0,0,0,0,0,0,0,0,0,0,0,0,0,The Outer Banks Hospital,Hospital,HL,Dare,Nags Head,NC,27959,4800 South Croatan Highway,(252)449-4500,H0273
509243.239500001,236835.5913,110,Novant Health-Thomasville Medical Center,"Community General Health Partners, Inc.", ,123,0,26,0,0,0,0,0,0,0,0,0,0,0,0,0,0,0,0,0,0,0,0,0,Thomasville Medical Center,Hospital,HL,Davidson,Thomasville,NC,27360,207 Old Lexington Rd,(336)472-2000,H0112
271928.773400001,173389.787300002,111,Mission Health - Transylvania Regional Hospital,"Transylvania Community Hospital, Inc.", ,44,0,0,40,0,0,0,10,0,0,0,0,0,0,0,0,0,0,0,0,0,0,0,0,Transylvania Regional,Hospital,HL,Transylvania,Brevard,NC,28712,260 Hospital Drive,(828)884-9111,H0111
604936.630900003,239074.084199999,112,UNC Health Care-UNC Medical Center,University of North Carolina Hospitals at Chapel Hill, ,621,30,76,0,0,0,0,0,0,0,0,0,0,0,0,0,0,0,0,0,0,0,0,0,University of North Carolina HealthCare,Hospital,HL,Orange,Chapel Hill,NC,27514,101 Manning Dr,(919)966-4131,H0157
381144.713299997,223833.537700001,113,Carolinas HealthCare Blue Ridge-Valdese,"Valdese General Hospital, Inc.", ,131,0,0,0,0,0,0,0,0,0,0,0,0,0,0,0,0,0,0,0,0,0,0,0,Valdese Hospital,ED,HL,Burke,Valdese,NC,28690,720 Malcolm Blvd,(828)874-2251,H0091
646840.876199998,225821.024500001,114,WakeMed,WakeMed, ,628,0,0,0,0,0,0,19,0,0,0,0,0,0,0,0,0,0,4,4,0,0,20,6,WakeMed,Hospital,HL,Wake,Raleigh,NC,276204465,3000 New Bern Ave,(919)350-8000,H0199
629375.653200001,220790.3101,115,WakeMed Cary Hospital,WakeMed, ,156,0,0,0,0,0,0,36,0,0,0,0,0,0,0,0,0,0,0,2,0,0,9,4,WakeMed Cary Hospital,Hospital,HL,Wake,Cary,NC,27511,1900 Kildaire Farm Rd.,(919)350-2550,H0276
814659.090700001,236721.552200001,116,Washington County Hospital,"CAH Acquisition Company #1, LLC", ,49,0,0,0,0,0,0,0,0,0,0,0,0,0,0,0,0,0,0,0,0,0,2,0,Washington County Hospital,Hospital,HL,Washington,Plymouth,NC,27962,958 US Hwy 64 East,(252)793-4135,H0006
371156.2214,274807.247699998,117,Appalachian Health-Watauga Medical Center,"Watauga Medical Center, Inc.", ,117,0,0,0,0,0,0,0,0,0,0,0,0,0,0,0,0,0,0,0,0,0,0,0,Watauga Medical Center,Hospital,HL,Watauga,Boone,NC,28607,336 Deerfield Rd,(828)262-4100,H0077
704699.352499999,183357.521400001,118,UNC Health Care-Wayne,"Wayne Memorial Hospital, Inc.", ,255,0,61,0,0,0,0,0,0,0,0,0,0,0,0,0,0,0,0,0,0,0,0,0,Wayne Memorial Hospital,Hospital,HL,Wayne,Goldsboro,NC,275338001,2700 Wayne Memorial Dr,(919)736-1110,H0257
415405.626599997,269359.784299999,119,Wilkes Regional Medical Center,WRMC Hospital Operating Corporation, ,120,0,0,0,0,0,0,10,0,0,0,0,0,0,0,0,0,0,0,1,0,1,4,2,Wilkes Regional Medical Center,Hospital,HL,Wilkes,North Wilkesboro,NC,28659,1370 West D St,(336)651-8100,H0153
705164.690399997,218899.452199999,120,Duke LifePoint-Wilson Medical Center,"DLP Wilson Medical Center, LLC", ,271,0,23,0,0,0,0,0,0,0,0,0,0,0,0,0,0,0,0,1,0,0,9,5,Wilson Medical Center,Hospital,HL,Wilson,Wilson,NC,27893,1705 Tarboro St. SW,(252)399-8040,H0210
621003.758599997,221165.5405,121,WakeMed Apex Healthplex, ,12:00:00 AM,12,0,0,0,0,0,0,0,0,0,0,0,0,0,0,0,0,0,0,0,0,0,0,0,WakeMed Apex Healthplex,ED,HL,Wake,Apex,NC,27502,120 Healthplex Way,919-350-4300, 
645763.7579,239619.9485,122,WakeMed North Family Health & Women's Hospital, ,12:00:00 AM,61,0,0,0,0,0,0,0,0,0,0,0,0,0,0,0,0,0,0,0,0,0,0,0,WakeMed North Healthplex,Hospital,HL,Wake,Raleigh,NC,27614,10000 Falls of Neuse Road,919-350-8000, 
535279.6219,259149.093699999,123,Cone Health-Wesley Long Hospital,The Moses H. Cone Memorial Hospital Operation Corp.,12:00:00 AM,175,6,0,0,0,0,0,0,0,0,0,0,0,0,0,0,0,0,0,0,0,0,0,0,Wesley Long Hospital,Hospital,HL,Guilford,Greensboro,NC,27403,501 North Elam Ave,336-854-6100,H0159
610256.2038,153609.5013,124,Womack Army Medical Center, , ,138,0,0,0,0,0,0,0,0,0,0,0,0,0,0,0,0,0,0,0,0,0,0,0,Womack Army Medical Center,Hospital,HL,Cumberland,Fort Bragg,NC,28310,2817 Reilly Rd,910-907-9262, 
760120.736000001,108609.542199999,125,Naval Hospital at Camp Lejeune, , ,205,0,0,0,0,0,0,0,0,0,0,0,0,0,0,0,0,0,0,0,0,0,0,0,Naval Hospital,Hospital,HL,Onslow,Camp Lejuene,NC,28547,100 Brewster Blvd,910-450-4300, 
438967.294799998,150477.960099999,126,Carolinas HealthCare-Pineville,"Carolinas Healthcare System, Inc.", ,0,0,0,0,0,0,0,0,0,0,0,0,0,0,0,0,0,0,0,0,0,0,0,0,Carolinas Medical Center-Pineville,Hospital,HL,Mecklenburg,Charlotte,NC,28210,100628 Park Rd,(704)543-2025,H0042
627014.842200004,185847.772799999,127,Harnett Health - Central Harnett Hospital, , ,50,0,0,0,0,0,0,0,0,0,0,0,0,0,0,0,0,0,0,0,0,0,0,0,Central Harnett Hospital,Hospital,HL,Harnett,Lillington,NC,27546,215 Brightwater Drive,910-892-1000, 
515612.553900003,260244.024900001,128,Novant Health-Kernersville Medical Center, , ,50,0,0,0,0,0,0,0,0,0,0,0,0,0,0,0,0,0,0,0,0,0,0,0,Kernersville Medical Center,Hospital,HL,Forsyth,Kernersville,NC,27284,1750 Kernersville Medical Parkway,336-564-4000, 
293464.843900003,209382.778299998,129,Asheville VA Medical Center, , ,119,0,0,0,0,0,0,0,0,0,0,0,0,0,0,0,0,0,0,0,0,0,0,0,Asheville VA Medical Center,VA,HL,Buncombe,Asheville,NC,28805,1100 Tunnel Road,828-298-7911, 
615195.129000001,250585.678599998,130,Durham VA Medical Center, , ,271,0,0,0,0,0,0,0,0,0,0,0,0,0,0,0,0,0,0,0,0,0,0,0,Durham VA Medical Center,VA,HL,Durham,Durham,NC,27705,508 Fulton Street,919-286-0411, 
620834.703400001,148482.685800001,131,Fayetteville VA Medical Center, , ,58,0,0,0,0,0,0,0,0,0,0,0,0,0,0,0,0,0,0,0,0,0,0,0,Fayetteville VA Medical Center,VA,HL,Cumberland,Fayetteville,NC,28301,2300 Ramsey Street,910-488-2120, 
474925.482299998,215575.8127,132,Salisbury - W.G. (Bill) Hefner VA Medical Center, , ,484,0,0,0,0,0,0,0,0,0,0,0,0,0,0,0,0,0,0,0,0,0,0,0,Salisbury - W.G. (Bill) Hefner VA Medical Center,VA,HL,Rowan,Salisbury,NC,28144,1601 Brenner Avenue,704-638-9000, 
467166.247599997,195327.105799999,133,Carolinas HealthCare-Kannapolis, , ,14,0,0,0,0,0,0,0,0,0,0,0,0,0,0,0,0,0,0,0,0,0,0,0,Kannapolis Medical,ED,HL,Cabarrus,Kannapolis,NC,28083,2711 Lane Street,704-403-4800, 
427880.872000001,151375.533799998,134,Carolinas HealthCare-Steele Creek, , ,2,0,0,0,0,0,0,0,0,0,0,0,0,0,0,0,0,0,0,0,0,0,0,0,Carolinas Medical Center-Steele Creek,ED,HL,Mecklenburg,Charlotte,NC,28278,13640 Steelecroft Parkway,704-512-5500, 
448575.4956,136083.159299999,135,Carolinas HealthCare-Waxhaw, , ,8,0,0,0,0,0,0,0,0,0,0,0,0,0,0,0,0,0,0,0,0,0,0,0,Carolinas Medical Center-Waxhaw,ED,HL,Union,Waxhaw,NC,28173,2700 Providence Road South,704-667-6800, 
522433.991800003,255059.8281,136,Cone Health-MedCenter High Point, , ,12,0,0,0,0,0,0,0,0,0,0,0,0,0,0,0,0,0,0,0,0,0,0,0,MedCenter High Point,ED,HL,Guilford,High Point,NC,27265,2630 Willard Dairy Rd.,336-884-3777, 
596026.820799999,141297.519000001,137,FirstHealth Moore Regional Hospital Hoke Campus,"FirstHealth of the Carolinas, Inc", ,0,0,0,0,0,0,0,0,0,0,0,0,0,0,0,0,0,0,0,0,0,0,0,0,FirstHealth Moore Regional Hospital Hoke Campus,ED,HL,Hoke,Raeford,NC,28376,6408 Fayetteville Rd,910-878-6000,H0287
714331.258299999,51828.0797000006,138,New Hanover Regional Medical Center-Orthopedic Hospital, , ,94,0,0,0,0,0,0,0,0,0,0,0,0,0,0,0,0,0,0,0,0,0,0,0,New Hanover Regional Medical Center - Orthopedic Hospital,ED,HL,New Hanover,Wilmington,NC,28403,5301 Wrightsville Avenue,910-452-8100, 
483566.072700001,253807.862799998,139,Novant Health-Clemmons Medical Center, , ,50,0,0,0,0,0,0,0,0,0,0,0,0,0,0,0,0,0,0,0,0,0,0,0,Clemmons Medical Center,ED,HL,Forsyth,Clemmons,NC,27102,Village Medical Cir,336-893-1000, 
628975.0713,240603.375399999,140,WakeMed Brier Creek Healthplex, , ,12,0,0,0,0,0,0,0,0,0,0,0,0,0,0,0,0,0,0,0,0,0,0,0,WakeMed Brier Creek Healthplex,ED,HL,Wake,Raleigh,NC,27617,8001 T.W. Alexander Drive,919-350-8000, 
646154.687399998,216385.595199998,141,WakeMed Garner Healthplex, , ,10,0,0,0,0,0,0,0,0,0,0,0,0,0,0,0,0,0,0,0,0,0,0,0,WakeMed Garner Healthplex,ED,HL,Wake,Garner,NC,27529,400 US Highway 70 East,919-350-8000, 
535894.616499998,260141.070999999,142,Cone Health-Women's Hospital,The Moses H. Cone Memorial Hosp Operating Corporation, ,134,49,80,0,0,0,0,19,0,0,0,0,0,0,0,0,0,0,0,0,0,0,0,0,Cone Health-Womens Hospital of Greensboro,Hospital,HL,Guilford,Greensboro,NC,27408,801 Green Valley Rd,(336)832-6500,H0159
217229.0647,200370.9877,143,Cherokee Indian Hospital, , ,18,0,0,0,0,0,0,0,0,0,0,0,0,0,0,0,0,0,0,0,0,0,0,0,Cherokee Indian Hospital,Hospital,HL,Swain,Cherokee,NC,28719,188 Hospital Rd,828-497-9163, 
479229.108099997,251702.9131,144,Wake Forest Baptist Health-Davie Medical Center Bermuda Run, , ,7,0,0,0,0,0,0,0,0,0,0,0,0,0,0,0,0,0,0,0,0,0,0,0,Davie Medical Center Bermuda Run,ED,HL,Davie,Bermuda Run,NC,27006,313  NC 801 hwy N,336-998-1300, 
654693.796499997,208640.678199999,145,Johnston Health-Clayton, , ,50,0,0,0,0,0,0,0,0,0,0,0,0,0,0,0,0,0,0,0,0,0,0,0,Johnston Health-Clayton,Hospital,HL,Johnston,Clayton,NC,27520,2138 NC 42 hwy W,919-585-8000, 
464390.075400002,188909.423999999,146,Carolinas Rehabilitation-NorthEast,The Charlotte-Mecklenburg Hospital Authority, ,0,40,0,0,0,0,0,0,0,0,0,0,0,0,0,0,0,0,0,0,0,0,0,0,Carolinas Rehabilitation-NorthEast,Rehab,HL,Cabarrus,Concord,NC,28025,487 Lake Concord Road,(704)355-3398,H0286
395174.906999998,167921.821699999,147,Carolinas ContinuedCare-Kings Mountain,"Crawley Memorial Hospital, Inc.", ,28,0,0,0,0,0,0,0,0,0,0,0,0,0,0,0,0,0,0,0,0,0,0,0,Carolinas ContinuedCare-Kings Mountain,LTAC,HL,Cleveland,Kings Mountain,NC,28086,PO Box 159,(980)487-5520,H0236
440486.165600002,153353.318599999,148,Carolinas ContinuedCare-Pineville,"Mercy Restorative Care Hospital, Inc.", ,40,0,0,0,0,0,0,0,0,0,0,0,0,0,0,0,0,0,0,0,0,0,0,0,Carolinas ContinuedCare-Pineville,LTAC,HL,Mecklenburg,Charlotte,NC,28210,10648 Park Road,(704)667-8050,H0278
450650.680500001,174221.131499998,149,Carolinas ContinuedCare-University,"Crawley Memorial Hospital, Inc", ,35,0,0,0,0,0,0,0,0,0,0,0,0,0,0,0,0,0,0,0,0,0,0,0,Carolinas ContinuedCare-University,LTAC,HL,Mecklenburg,Charlotte,NC,28217,"8800 North Tryon St, 4th Floor",(704)863-8300,H0289
538549.767200001,259777.3136,150,Select Specialty Hospital-Greensboro,"Select Specialty Hospital-Greensboro, Inc.", ,30,0,0,0,0,0,0,0,0,0,0,0,0,0,0,0,0,0,0,0,0,0,0,0,Select Specialty Hospital-Greensboro,LTAC,HL,Guilford,Greensboro,NC,27401,1200 N Elm St,(336)832-5700,H0284
758445.013499998,111818.526900001,151,Brynn Marr Hospital,"Brynn Marr Hospital, Inc.", ,0,0,99,0,0,0,0,0,0,0,0,0,0,0,0,0,0,0,0,0,0,0,0,0, ,Psych,MHH,Onslow,Jacksonville,NC,28546,192 Village Dr,(910)577-1400,MHH0190
543744.8957,266180.719700001,152,Fellowship Hall,"Fellowship Hall, Inc.", ,0,0,72,0,0,0,0,0,0,0,0,0,0,0,0,0,0,0,0,0,0,0,0,0, ,Psych,MHH,Guilford,Greensboro,NC,27415,P O Box 13890,(336)621-3381,MHH0001
647011.042800002,225437.467799999,153,"Holly Hill Hospital, L.L.C.","Holly Hill Hospital, LLC", ,0,0,205,0,0,0,0,0,0,0,0,0,0,0,0,0,0,0,0,0,0,0,0,0, ,Psych,MHH,Wake,Raleigh,NC,27610-1899,3019 Falstaff Rd,(919)250-7000,MHH0113
490913.257100001,259011.332199998,154,Old Vineyard Behavioral Health Services,"Keystone WSNC, L.L.C.", ,0,0,156,0,0,0,0,0,0,0,0,0,0,0,0,0,0,0,0,0,0,0,0,0, ,Psych,MHH,Forsyth,Winston Salem,NC,27104,3637 Old Vineyard Road,(336)794-3550,MHH0188
649186.7073,214288.437199999,155,Strategic Behavioral Center-Garner,"SBH-Raleigh, LLC", ,0,0,92,0,0,0,0,0,0,0,0,0,0,0,0,0,0,0,0,0,0,0,0,0, ,Psych,MHH,Wake,Garner,NC,27529-,3200 Waterfield Road,(919)800-4400,MHH0973
695862.826200001,57050.5936000012,156,Strategic Behavioral Center-Leland,"SBH-Wilmington, LLC", ,0,0,92,0,0,0,0,0,0,0,0,0,0,0,0,0,0,0,0,0,0,0,0,0, ,Psych,MHH,Brunswick,Leland,NC,28451-,2050 Mercantile Drive,(910)371-2500,MHH0976
708351.641500004,49930.4899000004,157,"The Wilmington Treatment Center, Inc.","Wilmington Treatment Center, Inc.", ,0,0,100,0,0,0,0,0,0,0,0,0,0,0,0,0,0,0,0,0,0,0,0,0, ,Psych,MHH,New Hanover,Wilmington,NC,28401,2520 Troy Dr,(910)762-2727,MHH0961
604965.193899997,238867.2951,158,UNC Hospitals at WakeBrook,UNC Hospitals, ,0,0,16,0,0,0,0,0,0,0,0,0,0,0,0,0,0,0,0,0,0,0,0,0, ,Psych,MHH,Wake,Chapel Hill,NC,27514-,110 Manning Drive,(919)570-7590,MHH0975
614773.464500003,250695.395399999,159,"Veritas Collaborative, LLC","Veritas Collaborative, LLC", ,0,0,25,0,0,0,0,0,0,0,0,0,0,0,0,0,0,0,0,0,0,0,0,0, ,Psych,MHH,Durham,Durham,NC,27705-,615 Douglas Street,(919)597-0296,MHH0972
367813.977600001,223185.387800001,160,Broughton Hospital, , ,0,0,278,0,0,0,0,0,0,0,0,0,0,0,0,0,0,0,0,0,0,0,0,0, ,Psych,MHH,Burke,Morganton,NC,28655,1000 South Sterling Street,828-433-2111,NA
630213.410899997,265897.919,161,Central Regional Hospital, , ,0,0,382,0,0,0,0,0,0,0,0,0,0,0,0,0,0,0,0,0,0,0,0,0, ,Psych,MHH,Granville,Butner,NC,27509,300 Veazey Road,919-764-2000,NA
697881.680600002,182491.938200001,162,Cherry Hospital, , ,0,0,274,0,0,0,0,0,0,0,0,0,0,0,0,0,0,0,0,0,0,0,0,0, ,Psych,MHH,Wayne,Goldsboro,NC,27530,201 Stevens Mill Rd,919-731-3200,NA
639530.5581,174984.455600001,163,"Good Hope Hospital, Inc","Good Hope Hospital, Inc", ,0,0,16,0,0,0,0,0,0,0,0,0,0,0,0,0,0,0,0,0,0,0,0,0, ,Psych,MHH,Harnett,Erwin,NC,28339,412 Denim Dr,(910)230-4011,MHH0974
